epoch,time,train/box_loss,train/cls_loss,train/dfl_loss,metrics/precision(B),metrics/recall(B),metrics/mAP50(B),metrics/mAP50-95(B),val/box_loss,val/cls_loss,val/dfl_loss,lr/pg0,lr/pg1,lr/pg2
1,58.79,3.95031,18.5013,2.47397,0,0,0,0,3.20178,11.8494,1.99673,4e-05,4e-05,4e-05
2,106.115,3.57319,11.6239,1.99589,0.00111,0.25,0.00248,0.00099,2.77121,17.7234,1.74035,9.901e-05,9.901e-05,9.901e-05
3,149.469,2.88222,6.31125,1.64193,0.58207,0.75,0.65125,0.29701,1.87218,6.57758,1.29344,0.000156832,0.000156832,0.000156832
4,186.148,2.57722,5.17381,1.45166,0.95947,0.75,0.76352,0.28118,1.58638,5.54461,1.21436,0.000213466,0.000213466,0.000213466
5,224.575,2.08425,3.51006,1.16545,0.78561,0.92806,0.945,0.38613,1.74501,4.66977,1.19786,0.000268912,0.000268912,0.000268912
6,258.259,2.20342,2.33138,1.1837,0.91032,1,0.995,0.30385,2.08218,6.30125,1.32565,0.00032317,0.00032317,0.00032317
7,291.337,2.19059,2.34977,1.33035,0.9236,1,0.995,0.3168,1.83414,3.60082,1.16552,0.00037624,0.00037624,0.00037624
8,335.218,1.92854,2.20605,1.19931,0.94498,1,0.995,0.39696,1.54807,2.49116,1.10197,0.000428122,0.000428122,0.000428122
9,375.359,1.84585,1.59531,1.17336,0.07012,1,0.07927,0.03858,1.21784,34.2488,1.0676,0.000478816,0.000478816,0.000478816
10,403.112,1.71486,1.5925,1.1123,0.76797,1,0.945,0.41855,1.17542,2.64334,1.08916,0.000528322,0.000528322,0.000528322
11,432.408,1.82315,1.44091,1.08745,0.482,1,0.56857,0.30619,1.42947,4.70892,1.15902,0.00057664,0.00057664,0.00057664
12,464.37,1.89384,1.47936,1.20418,0.38681,1,0.44222,0.23363,1.39014,5.78534,1.18739,0.00062377,0.00062377,0.00062377
13,499.331,1.76927,1.34533,1.12162,0.7708,1,0.895,0.56944,1.58169,2.14342,1.19308,0.000669712,0.000669712,0.000669712
14,531.642,1.74605,1.29033,1.168,0.29679,1,0.36182,0.22108,1.2834,2.82576,1.17322,0.000714466,0.000714466,0.000714466
15,560.155,1.73502,1.1275,1.08317,0.98268,1,0.995,0.71512,1.14346,1.06448,0.98647,0.000758032,0.000758032,0.000758032
16,588.698,1.77387,1.1272,1.10099,0.9853,1,0.995,0.80221,1.11502,1.15039,0.98226,0.00080041,0.00080041,0.00080041
17,618.764,1.81138,1.1162,1.16939,0.79677,1,0.845,0.37919,1.64847,1.3788,1.19918,0.0008416,0.0008416,0.0008416
18,647.382,1.91653,1.1698,1.09894,0.7179,1,0.945,0.58048,1.37531,1.74249,1.13045,0.000881602,0.000881602,0.000881602
19,682.451,1.77174,1.49828,1.13233,1,0.99919,0.995,0.60306,1.44781,0.95799,1.13077,0.000920416,0.000920416,0.000920416
20,722.243,1.91823,1.32817,1.13294,0.98483,1,0.995,0.62787,1.54641,0.78542,1.13092,0.000958042,0.000958042,0.000958042
21,750.911,1.47668,1.00335,1.02271,0.98842,1,0.995,0.59714,1.50909,0.95265,1.10992,0.00099448,0.00099448,0.00099448
22,780.402,1.84439,1.31569,1.20809,0.05473,1,0.05528,0.02615,1.6966,177.765,1.12522,0.00102973,0.00102973,0.00102973
23,824.358,1.77023,1.02302,1.08006,0.00569,0.75,0.00662,0.00407,1.65764,2094.03,1.0988,0.00106379,0.00106379,0.00106379
24,882.691,1.6533,1.04726,1.13755,0.04747,1,0.04795,0.02718,1.41339,318.064,1.08234,0.00109667,0.00109667,0.00109667
25,925.961,1.91376,1.26024,1.13708,0.04498,1,0.04575,0.02294,1.70147,247.963,1.17038,0.00112835,0.00112835,0.00112835
26,956.36,1.82267,1.12938,1.08098,0.09904,1,0.0995,0.04792,1.55447,40.2239,1.09955,0.00115885,0.00115885,0.00115885
27,989.208,1.6822,0.95998,1.0772,0.99182,1,0.995,0.57827,1.48651,0.92931,1.03569,0.00118816,0.00118816,0.00118816
28,1018.99,1.91301,1.02596,1.15406,0.796,0.97999,0.945,0.60163,1.43818,1.06581,1.07256,0.00121628,0.00121628,0.00121628
29,1051.66,1.65094,1.07727,1.06886,0.796,0.97999,0.945,0.60163,1.43818,1.06581,1.07256,0.00124322,0.00124322,0.00124322
30,1081.77,1.73834,1.06578,1.1123,0.78901,1,0.945,0.62914,1.50843,1.31661,1.08936,0.00126896,0.00126896,0.00126896
31,1109.6,1.74433,1.08284,1.0008,0.2852,0.75,0.2735,0.16566,1.43103,3.02437,1.04763,0.00129352,0.00129352,0.00129352
32,1137.53,1.5652,1.03693,1.02598,0.12566,0.75,0.1212,0.07162,1.35401,7.6606,1.07691,0.00131689,0.00131689,0.00131689
33,1175.53,1.72443,0.99696,1.09561,0.12566,0.75,0.1212,0.07162,1.35401,7.6606,1.07691,0.00133907,0.00133907,0.00133907
34,1203.22,1.6526,0.89603,1.1732,0.98558,0.75,0.75908,0.52828,1.34718,1.24552,1.07905,0.0013466,0.0013466,0.0013466
35,1234.21,1.58026,0.98608,1.02972,0.98758,0.75,0.74756,0.46441,1.30799,1.24724,1.05518,0.0013268,0.0013268,0.0013268
36,1273.46,1.78973,1.02915,1.06036,0.26322,0.5,0.4075,0.1557,1.70215,3.22832,1.18706,0.001307,0.001307,0.001307
37,1304.14,1.44782,0.92817,0.97158,0.26322,0.5,0.4075,0.1557,1.70215,3.22832,1.18706,0.0012872,0.0012872,0.0012872
38,1332.86,1.60693,1.07883,1.0526,0.49281,1,0.62,0.40446,1.22942,1.52575,1.03494,0.0012674,0.0012674,0.0012674
39,1360.77,1.67098,0.89789,1.08649,0.19888,1,0.22111,0.13459,1.1421,3.74822,0.97769,0.0012476,0.0012476,0.0012476
40,1388.16,1.60672,0.99306,1.13002,0.0452,1,0.04575,0.02505,1.17171,79.6026,0.98995,0.0012278,0.0012278,0.0012278
41,1415.29,1.53615,0.88901,1.0314,0.0452,1,0.04575,0.02505,1.17171,79.6026,0.98995,0.001208,0.001208,0.001208
42,1441.72,1.62672,0.83136,0.99848,0.02385,1,0.02383,0.00936,1.80256,431.121,1.21178,0.0011882,0.0011882,0.0011882
43,1468.71,1.59631,0.8826,1.00712,0.0273,1,0.02726,0.01172,1.78302,522.446,1.20175,0.0011684,0.0011684,0.0011684
44,1495.71,1.73895,0.99283,1.11153,0.05825,1,0.0594,0.03436,1.33141,83.9961,1.01967,0.0011486,0.0011486,0.0011486
45,1524.31,1.6208,0.95,1.02805,0.05825,1,0.0594,0.03436,1.33141,83.9961,1.01967,0.0011288,0.0011288,0.0011288
46,1550.79,1.54763,0.79021,0.98931,0.96589,1,0.995,0.60197,1.36471,0.83929,1.02834,0.001109,0.001109,0.001109
47,1582.86,1.58669,0.82172,0.99135,0.98493,1,0.995,0.52856,1.47636,0.76807,1.10943,0.0010892,0.0010892,0.0010892
48,1621.23,1.46025,0.8785,0.98296,0.9831,1,0.995,0.56712,1.58264,0.76625,1.15728,0.0010694,0.0010694,0.0010694
49,1659.61,1.51688,0.78576,1.03269,0.9831,1,0.995,0.56712,1.58264,0.76625,1.15728,0.0010496,0.0010496,0.0010496
50,1696.16,1.42607,0.9409,1.00499,0.98569,1,0.995,0.62226,1.3908,0.75432,1.04846,0.0010298,0.0010298,0.0010298
51,1733.87,1.39188,0.77447,0.98271,0.9854,1,0.995,0.68399,1.19614,0.67555,0.96035,0.00101,0.00101,0.00101
52,1768.49,1.56376,0.91109,1.0941,0.97287,1,0.995,0.58899,1.36427,0.79608,1.01054,0.0009902,0.0009902,0.0009902
53,1798.9,1.39913,0.78334,1.01264,0.97287,1,0.995,0.58899,1.36427,0.79608,1.01054,0.0009704,0.0009704,0.0009704
54,1826.21,1.42771,0.797,1.07344,0.95896,1,0.995,0.4917,1.63005,0.93885,1.09759,0.0009506,0.0009506,0.0009506
55,1857.97,1.40351,0.77452,0.95593,0.96783,1,0.995,0.4603,1.84034,1.01067,1.21164,0.0009308,0.0009308,0.0009308
56,1885.25,1.47219,0.7502,0.98663,0.91874,0.75,0.945,0.43286,1.90819,1.34828,1.27339,0.000911,0.000911,0.000911
57,1915.01,1.44659,0.82376,0.92298,0.91874,0.75,0.945,0.43286,1.90819,1.34828,1.27339,0.0008912,0.0008912,0.0008912
58,1948.33,1.37493,0.76703,0.94861,1,0.93668,0.995,0.63423,1.45608,1.04044,1.07427,0.0008714,0.0008714,0.0008714
59,1977.16,1.322,0.68567,0.95637,0.97548,1,0.995,0.74031,1.00725,0.68946,0.93512,0.0008516,0.0008516,0.0008516
60,2004.55,1.39946,0.68444,1.03542,0.98686,1,0.995,0.70487,1.05669,0.56596,0.94195,0.0008318,0.0008318,0.0008318
61,2041.54,1.32485,0.76532,0.93024,0.98686,1,0.995,0.70487,1.05669,0.56596,0.94195,0.000812,0.000812,0.000812
62,2071.65,1.37127,0.80075,0.91673,0.98653,1,0.995,0.68458,1.30677,0.60632,1.02904,0.0007922,0.0007922,0.0007922
63,2099.45,1.52636,0.86448,0.97557,0.98699,1,0.995,0.63388,1.4155,0.65481,1.03167,0.0007724,0.0007724,0.0007724
64,2126.83,1.47206,0.74829,0.94931,0.9867,1,0.995,0.65315,1.34483,0.57659,0.9877,0.0007526,0.0007526,0.0007526
65,2152.72,1.36709,0.67944,0.98263,0.9867,1,0.995,0.65315,1.34483,0.57659,0.9877,0.0007328,0.0007328,0.0007328
66,2179.21,1.37829,0.72875,0.96126,0.98529,1,0.995,0.70675,1.14327,0.5568,0.92337,0.000713,0.000713,0.000713
67,2207.22,1.42239,0.74587,0.93472,0.98369,1,0.995,0.71142,1.00107,0.57603,0.90473,0.0006932,0.0006932,0.0006932
68,2233.92,1.4512,0.70966,0.99639,0.98359,1,0.995,0.68559,0.99774,0.56633,0.91285,0.0006734,0.0006734,0.0006734
69,2260.15,1.3368,0.67687,0.94852,0.98359,1,0.995,0.68559,0.99774,0.56633,0.91285,0.0006536,0.0006536,0.0006536
70,2286.89,1.28366,0.68009,0.91503,0.98473,1,0.995,0.71656,1.07653,0.59147,0.9484,0.0006338,0.0006338,0.0006338
71,2314.48,1.20847,0.67928,0.94704,0.98433,1,0.995,0.70717,1.04657,0.63729,0.93208,0.000614,0.000614,0.000614
72,2342.21,1.23402,0.66963,0.89752,0.9836,1,0.995,0.7512,0.95679,0.59796,0.90314,0.0005942,0.0005942,0.0005942
73,2369.51,1.24778,0.74393,0.93325,0.9836,1,0.995,0.7512,0.95679,0.59796,0.90314,0.0005744,0.0005744,0.0005744
74,2395.92,1.31942,0.71884,0.91828,0.98468,1,0.995,0.76377,0.92364,0.62613,0.88878,0.0005546,0.0005546,0.0005546
75,2425.34,1.37148,0.68812,0.95771,0.98471,1,0.995,0.79824,0.88606,0.60008,0.88373,0.0005348,0.0005348,0.0005348
76,2457.34,1.29495,0.68968,0.99932,0.97518,1,0.995,0.77214,0.83093,0.58065,0.88691,0.000515,0.000515,0.000515
77,2486.01,1.22254,0.63492,0.9396,0.97518,1,0.995,0.77214,0.83093,0.58065,0.88691,0.0004952,0.0004952,0.0004952
78,2513.22,1.27128,0.71258,0.93795,0.97861,1,0.995,0.75945,0.89928,0.55651,0.88614,0.0004754,0.0004754,0.0004754
79,2539.41,1.19733,0.63273,0.87941,0.98208,1,0.995,0.7804,0.89018,0.53766,0.87957,0.0004556,0.0004556,0.0004556
80,2565.71,1.21088,0.60214,0.95253,0.98418,1,0.995,0.78947,0.82947,0.5238,0.86825,0.0004358,0.0004358,0.0004358
81,2591.63,1.26067,0.60915,0.9545,0.98418,1,0.995,0.78947,0.82947,0.5238,0.86825,0.000416,0.000416,0.000416
82,2618.16,1.13034,0.59932,0.89976,0.98586,1,0.995,0.79738,0.87035,0.52747,0.87191,0.0003962,0.0003962,0.0003962
83,2645.49,1.19613,0.61542,0.91026,0.98652,1,0.995,0.77372,0.93668,0.55219,0.87838,0.0003764,0.0003764,0.0003764
84,2672.1,1.24422,0.64864,0.93399,0.98418,1,0.995,0.7738,0.93797,0.54537,0.88974,0.0003566,0.0003566,0.0003566
85,2699.09,1.14533,0.59101,0.88998,0.98418,1,0.995,0.7738,0.93797,0.54537,0.88974,0.0003368,0.0003368,0.0003368
86,2725.25,1.19869,0.66137,0.93449,0.98252,1,0.995,0.7535,0.93686,0.5106,0.89479,0.000317,0.000317,0.000317
87,2751.16,1.16944,0.6064,0.92162,0.98732,1,0.995,0.80192,0.90866,0.50474,0.8853,0.0002972,0.0002972,0.0002972
88,2777.44,1.26228,0.68106,0.94564,0.98757,1,0.995,0.79425,0.87097,0.46407,0.87544,0.0002774,0.0002774,0.0002774
89,2803.12,1.23145,0.58351,0.9175,0.98757,1,0.995,0.79425,0.87097,0.46407,0.87544,0.0002576,0.0002576,0.0002576
90,2829.75,1.27045,0.60146,0.97893,0.9877,1,0.995,0.77707,0.84896,0.49359,0.8681,0.0002378,0.0002378,0.0002378
91,2857.73,1.08508,0.61867,0.91528,0.98765,1,0.995,0.77525,0.8522,0.49585,0.86696,0.000218,0.000218,0.000218
92,2884.15,1.0833,0.57094,0.96637,0.98754,1,0.995,0.77525,0.85555,0.48565,0.86678,0.0001982,0.0001982,0.0001982
93,2909.79,1.16966,0.5988,0.91356,0.98754,1,0.995,0.77525,0.85555,0.48565,0.86678,0.0001784,0.0001784,0.0001784
94,2936.45,1.03606,0.55682,0.88214,0.98737,1,0.995,0.77177,0.86608,0.49416,0.86664,0.0001586,0.0001586,0.0001586
95,2962.87,1.03424,0.55275,0.91917,0.98719,1,0.995,0.77383,0.84719,0.49185,0.86466,0.0001388,0.0001388,0.0001388
96,2988.99,1.03907,0.52286,0.95845,0.98697,1,0.995,0.814,0.83278,0.49066,0.86499,0.000119,0.000119,0.000119
97,3015.73,1.28859,0.61224,0.97167,0.98697,1,0.995,0.814,0.83278,0.49066,0.86499,9.92e-05,9.92e-05,9.92e-05
98,3042.03,1.09176,0.57051,0.89233,0.98697,1,0.995,0.81686,0.82579,0.48595,0.86578,7.94e-05,7.94e-05,7.94e-05
99,3082.07,1.15776,0.56063,0.93635,0.98699,1,0.995,0.81686,0.8171,0.48452,0.86764,5.96e-05,5.96e-05,5.96e-05
100,3109.41,1.05373,0.60931,0.88585,0.98716,1,0.995,0.81686,0.81175,0.47844,0.86835,3.98e-05,3.98e-05,3.98e-05
